produto,marca,material,preco,desconto,preco_desconto,publico_voltado,nota,avaliacoes,qtd_vendidos,sazonalidade
Kit 10 Cuecas Boxer Lupo Cueca Box Algodão Masculina Atacado,lupo,algodão,232.89,18,190.97,Masculino,4.5,3034,10000,6 meses menor temperatura
Kit Com 10 Cuecas Boxer Algodão Sem Costura Zorba 781,zorba,algodão,199.9,20,159.92,Masculino,4.7,5682,50000,demanda regular
Kit 10 Cuecas Boxer Mash Algodão Cotton Box Original Oferta,mash,algodão,229.39,22,178.92,Masculino,4.6,1700,10000,6 meses maior temperatura
Kit 3 Short Jeans Feminino Cintura Alta Barato Atacado,menina linda,jean,129.2,9,117.57,Feminino,4.4,507,1000,6 meses maior temperatura
Blusa + Calça Térmica Treino Futebol Criança Infantil Fleece,roupa zero grau,termico unissex,78.03,5,74.13,infantil:Unissex,4.7,58,100,6 meses menor temperatura
Kit 4 Cuecas Boxer Lupo Em Algodão Masculina Cotton Original,lupo,algodão,89.9,22,70.12,Masculino,4.6,2382,10000,6 meses maior temperatura
Kit 2 Cuecas Boxer Lupo Basic Microfibra Sem Costura Box,lupo,microfibra,69.99,30,48.99,Masculino,4.8,1429,10000,6 meses maior temperatura
Pacote 4 Cuecas Boxer Algodão Box Masculina Cotton Zorba,zorba,algodão,105.99,25,79.49,Masculino,4.6,2290,10000,alta frequência
Faixa Peitoral Para Ginecomastia Reduz Volume Do Peito Homem,men'spa,"82% poliéster, 18% elastodieno",119.31,18,97.83,Masculino,4.4,78,1000,demanda regular
"Kit Com 4 Short Para Usar Embaixo Da Roupa, Vestido, Saia",silvest lingerie,poliéster,57.93,11,51.56,Feminino,4.2,88,1000,6 meses maior temperatura
Macacão Roupa De Apicultor Completa Proteção Contra Abelhas,celi,brim 100% algodão,203.88,24,154.95,Unissex,4.3,178,1000,demanda regular
Macacão Apicultor Roupa Proteção Abelha Com Máscara + Brinde,celi,algodão,166.21,10,149.59,Unissex,4.1,331,1000,demanda regular
Kit Com 10 Cuecas Slip Algodão Zorba,zorba,algodão,159.9,25,119.93,Masculino,4.5,426,1000,6 meses maior temperatura
Kit 4 Cuecas Boxer Infantil Kids Menino Box Sem Costura Lupo,lupo,poliamida,109.9,31,75.83,Infantil:masculino,4.9,145,1000,6 meses maior temperatura
Kit 2 Cuecas Boxer Lupo Basic Microfibra Sem Costura Box,lupo,microfibra,69.99,30,48.99,Masculino,4.8,1429,10000,6 meses maior temperatura
Conjunto 2 Calça Masculina Jogger Swang Roupas Academia Slim,kick,algodão75% poliester25%,129.1,10,116.19,Masculino,4.8,19,100,6 meses menor temperatura
Kit 3 Cuecas Slip Tamanho Especial Plus Size Algodão Mash,mash,algodão,74.9,20,59.92,Masculino,4.8,218,1000,demanda regular
Calça Jeans Preta Feminina Super Lycra  Skinny Cintura Alta,stillger jeans,sarja,61.93,13,53.88,Feminino,4.4,1533,10000,6 meses menor temperatura
Kit 6 Cuecas Algodão Mash - Promoção Box Masculina Adulto,mash,algodão,129.99,10,116.99,Masculino,4.6,422,1000,alta frequência
Calça Masculina Esportiva Slim Jogger Zíper Na Barra,tactel slim calça ziper,poliéster,59.91,10,53.92,Masculino,4.2,58,100,6 meses menor temperatura
Calça Montaria Gorgurao Legging Feminina Leg Canelada Bolso,remanescente,poliéster,47.02,6,44.2,Feminino,4.5,1019,10000,demanda regular
Kit 6 Cuecas Boxer Lupo Algodão Masculina Box Adulto Cotton,lupo,algodão cotton,152.91,16,128.44,Masculino,4.6,1676,10000,alta frequência
Kit 3 Short Jeans Feminino Cintura Alta Barato Atacado,menina linda,jean,129.2,9,117.57,Feminino,4.4,507,1000,6 meses maior temperatura
Kit 3 Calça Jeans Feminina Levanta Bumbum Cintura Alta,stillger,algodão,174.24,5,165.53,Feminino,4.3,312,1000,6 meses menor temperatura
Kit 2 Calças Jeans Masculina Com Lycra.,almix,jean,134.3,5,127.58,Masculino,4.6,2146,10000,6 meses maior temperatura
Kit 5 Cuecas Zorba Tradicional Slip Ligth Algodão Original,zorba,algodão,109.9,28,79.13,Masculino,4.7,23,100,6 meses maior temperatura
10 Shorts Ginástica Moda Fitness Roupas Femininas Atacado,própria,suplex poliéster,219.31,13,190.8,Feminino,4.7,16,100,6 meses maior temperatura
Jaqueta Jeans Feminina Preta Com Lycra Roupas Atacado,stillger jeans,algodão,64.49,10,58.04,Feminino,4.3,249,1000,6 meses menor temperatura
Kit Com 10 Cuecas Boxer Algodão Cotton Masculina Adulto Mash,mash,algodão,209.41,15,178.0,Masculino,4.8,327,1000,alta frequência
Conjunto Blusa Térmico Roupa De Frio Masculino Segunda Pele,elry,poliéster,109.4,5,103.93,Masculino,4.5,44,100,6 meses menor temperatura
Kit 5 Camisetas Masculinas Slim Fit  Básicas Algodão Premium,zaroc,algodão,239.11,51,117.16,Masculino,4.5,9077,50000,demanda regular
Kit Pintores Macacão De Proteção Luva Óculos Respirador Epi,teknoluvas,poliéster,73.8,7,68.63,Masculino,4.0,45,100,demanda regular
Kit 3 Cuecas Boxer Lupo Tamanho Plus Size Masculina Original,lupo,algodão,99.99,29,70.99,Masculino,4.4,127,1000,6 meses menor temperatura
Macacão Segurança Proteção Química Laboratório Pintura Longo,steelflex epi tipo 6 roupa descartável,capuz laminado masculino feminino,25.63,10,23.07,Unissex,4.2,30,1000,demanda regular
Calça Feminina Pantalona Cintura Alta Cós Largo Duna Moda,própria,duna,72.36,18,59.34,Feminino,4.4,14,100,6 meses menor temperatura
Kit 15 Cueca Boxer Tamanho Especial Plus Size Microfibra,mallbeck combo roupa íntima masculina,microfibra,149.43,31,103.11,Masculino,3.8,30,100,demanda regular
Kit 2 Calça Jeans Masculina Jogger Camuflada Sarja Elástico,gbgsports,sarja,134.32,10,120.89,Masculino,4.3,215,1000,6 meses menor temperatura
Kit 4 Cuecas Boxer Lupo Em Algodão Masculina Cotton Original,lupo,algodão,89.9,22,70.12,Masculino,4.6,2382,10000,6 meses maior temperatura
10 Shorts Ginástica Moda Fitness Roupas Femininas Atacado,própria,suplex poliéster,219.31,13,190.8,Feminino,4.7,16,100,6 meses maior temperatura
Calça Leg Lisa Cós Alto Suplex,valen modas,tecido suplex,30.4,5,28.88,Feminino,4.6,262,1000,demanda regular
Kit 4 Cuecas Boxer Puma Masculina Box Sem Costura Original,puma,poliamida,160.89,19,130.32,Masculino,4.8,301,1000,6 meses menor temperatura
Kit 10 Calcinhas Conforto Tanga Promoção Moda Íntima.,mallbeck-calcinha confortavel - calcinha tanga-,microfibra,44.9,20,35.92,Feminino,4.1,35,100,demanda regular
Calça Legging Feminina Preta Grossa Dia A Dia Valor De Ataca,moda llevo,tecido suplex,35.83,6,33.68,Feminino,4.4,2363,50000,demanda regular
Kit 2 Calça Legging Flanelada Forrada Peluciada Inverno,genérica,poliéster,46.29,10,41.66,Feminino,4.0,258,1000,demanda regular
Kit 4 Cuecas Boxer Lupo Em Algodão Masculina Cotton Original,lupo,algodão,89.9,22,70.12,Masculino,4.6,2382,10000,6 meses maior temperatura
Calça Masculina Térmica Roupa De Frio Segunda Pele Legging.,importchin,poliéster,56.09,29,39.82,Masculino,4.5,204,1000,6 meses menor temperatura
Short Jeans Feminino Cintura Alta Com Lycra Barra Desfiada,stillger,algodão,44.29,6,41.63,Feminino,4.4,237,1000,6 meses maior temperatura
Kit 3 Cuecas Lupo Slip Masculina Algodão Promoção Original,lupo,algodão,78.89,24,59.96,Masculino,4.6,257,1000,6 meses menor temperatura
Shorts Masculino Design 4 Move adidas,adidas,poliéster,199.99,30,139.99,Masculino,4.7,19,100,6 meses maior temperatura
Kit 2 Cuecas Boxer Lupo Microfibra Box Sem Costura Original,lupo,poliamida,61.99,19,50.21,Masculino,4.8,742,10000,6 meses maior temperatura
Roupa Naruto Akatsuki Cosplay Itachi Postagem 24h Promoção,genérica,poliéster,75.03,21,59.27,Unissex,4.7,139,1000,6 meses menor temperatura
3 Conjuntos Fitness Feminino Top + Short Roupas Academia A11,akorio,poliéster,129.21,19,104.66,Feminino,4.4,286,1000,6 meses maior temperatura
Kit 9 Cuecas Lupo Slip Masculino Algodão Atacado Original,lupo,algodão,229.89,26,170.12,Masculino,4.4,165,1000,6 meses menor temperatura
Short Jeans Feminino Com Cinto Fivela Country Cintura Alta,maria do carmo denim,jeans,80.36,10,72.32,Feminino,4.2,5,50,6 meses maior temperatura
Kit 3 Calça Jeans Feminina Levanta Bumbum Atacado,stillger,jeans,175.59,10,158.03,Feminino,3.9,41,100,6 meses menor temperatura
Calça Masculina Esportiva Slim Jogger Zíper Na Barra,tactel slim calça ziper,poliéster,59.91,10,53.92,Masculino,4.6,7,50,6 meses menor temperatura
Kit 5 Shorts Calção Futebol Academia Treino Crossfit Corrida,mr fit,poliéster,166.89,19,135.18,Masculino,4.4,60,100,demanda regular
Bermuda Esportiva Compressão Anti Assadura Térmica Lupo,lupo,microfibra,99.9,25,74.93,Masculino,4.9,181,1000,6 meses maior temperatura
Calça Plus Size Jeans Feminina Wide Leg Levanta Bumbum,stillger jeans,algodão,68.76,6,64.63,Feminino,4.7,27,100,6 meses menor temperatura
2 Shorts Iguais Casal Praia 5 Estampas Roupa Combinando,maya,tactel,139.79,8,128.61,Unissex,5.0,6,50,6 meses maior temperatura
Short Saia Rodado Fitness Feminino Roupas Para Academia,própria,poliéster,38.73,21,30.6,Feminino,4.6,20,100,6 meses maior temperatura
4 Short Bermuda Masculina Esporte Dry Fit Academia Plus,daze modas,poliéster,149.91,10,134.92,Masculino,5.0,6,5,6 meses maior temperatura
Short Saia Jeans Plus Size Feminino Cintura Alta Com Lycra,stillger jeans,algodão,72.88,11,64.86,Feminino,4.9,77,100,6 meses maior temperatura
Bermuda Slim Curves Leve Compressão Dilady 105203,dilady,poliamida,68.71,38,42.6,Feminino,4.9,7,100,demanda regular
Kit 3 Bermuda Short Masculino Dry Fit Treino Plus Size,daze modas,poliéster,129.91,10,116.92,Masculino,4.5,27,100,6 meses maior temperatura
Calça Branca Jeans Feminina Skinny Cintura Alta Com Lycra,stillger jeans,algodão,64.54,13,56.15,Feminino,4.6,308,1000,6 meses menor temperatura
Calça Branca Plus Size Enfermagem Com Lycra Feminina Sarja,stillger,algodão,78.64,13,68.42,Feminino,4.1,16,100,6 meses menor temperatura
Kit 4 Bermuda Masculina Sport Dry Fit  Academia Plus,daze modas,poliéster,159.91,10,143.92,Masculino,4.6,11,25,6 meses maior temperatura
"Kit Com 4 Short Para Usar Embaixo Da Roupa, Vestido, Saia",silvest lingerie,poliéster,57.93,11,51.56,Feminino,4.2,88,1000,6 meses maior temperatura
Macacão Roupa De Apicultor Completa Proteção Contra Abelhas,celi,brim 100% algodão,203.88,24,154.95,Unissex,4.3,178,1000,demanda regular
Kit Com 6 Conjuntos Roupas Juvenil Roupa Infantil Menina Top,"analê, hello moda",algodão,197.21,16,165.66,Infantil:feminino,4.4,20,100,6 meses maior temperatura
Calça Jeans Feminina Super Lipo Sawary Roupas Femininas,sawary,jean,169.86,6,159.67,Feminino,4.6,227,1000,6 meses menor temperatura
Kit 3 Conjunto Short + Top Nadador Roupas Femininas Academia,akorio,poliéster,129.91,21,102.63,Feminino,4.1,16,100,6 meses maior temperatura
Kit 2 Conjuntos Calça Legging E Top Roupas Feminina Academia,não definido,suplex,99.92,26,73.94,Feminino,4.3,211,1000,demanda regular
Short Jeans Feminino Cintura Alta Levanta Bumbum Com Lycra,stillger,algodão,49.99,8,45.99,Unissex,4.3,77,100,6 meses maior temperatura
Calça Feminina Lycra Cintura Alta Empina Bumbum,thamuz,sarja,74.49,10,67.04,Feminino,4.6,105,1000,6 meses maior temperatura
Kit 3 Bermuda Masculina Jeans Plus Size Lycra Elastano,galanteador,algodão,283.73,30,198.61,Masculino,4.9,19,100,6 meses maior temperatura
5 Shorts Canelado Feminino Shortinho Soltinho Verão Atacado,gata rebelde,canelado,77.17,10,69.45,Feminino,4.2,23,100,6 meses maior temperatura
Macacão Roupa De Apicultor Completa Proteção Contra Abelhas,celi,brim 100% algodão,203.88,24,154.95,Unissex,4.3,178,1000,demanda regular
Kit 10 Cuecas Boxer Mash Algodão Cotton Box Original Oferta,mash,algodão,229.39,22,178.92,Masculino,4.6,1700,10000,6 meses maior temperatura
"Bermuda Térmica Masculina Esportiva Corrida, Academia Treino",keeper,microfibra,49.89,26,36.92,Masculino,4.8,1003,10000,6 meses maior temperatura
Calça Levi's 501 Original Masculina 100% Algodão Importada,levi's,algodão,315.1,5,299.35,Masculino,4.4,28,100,6 meses maior temperatura
Kit 4 Bermuda Dry Fit Masculina Poliéster Plus Size,daze modas,poliéster,159.91,10,143.92,Masculino,4.8,14,100,6 meses maior temperatura
Conjunto Térmico Infantil Criança Forro Fleece Segunda Pele,roupa zero grau,poliéster,78.03,5,74.13,infantil:Unissex,4.9,23,100,6 meses menor temperatura
Short Essential 9 Masculino Olympikus Novo,olympikus,poliéster,119.47,22,93.19,Masculino,4.3,16,50,6 meses maior temperatura
Bermuda Jeans Stretch Lycra Masculina Plus Size 58 Ao 62,exposição paulista,algodão,78.46,7,72.97,Masculino,4.5,10,100,6 meses maior temperatura
Faixa Peitoral Ginecomastia Pós Cirurgico Masculino Conforto,men'spa,"82% poliéster, 18% elastodieno",119.31,18,97.83,Masculino,4.3,8,50,demanda regular
Macacão Apicultor Roupa Proteção Abelha Com Máscara + Brinde,celi,algodão,166.21,10,149.59,Unissex,4.1,331,1000,demanda regular
Kit 10 Cuecas Boxer Lupo Cueca Box Algodão Masculina Atacado,lupo,algodão,232.89,18,190.97,Masculino,4.5,3034,10000,6 meses menor temperatura
Kit Com 10 Cuecas Boxer Algodão Sem Costura Zorba 781,zorba,algodão,199.9,20,159.92,Masculino,4.7,5682,50000,demanda regular
Kit 2 Calça Jeans Lycra Masculina Tamanho Especial Plus Size,galanteador,algodão,259.52,24,197.24,Masculino,4.1,11,50,6 meses maior temperatura
Roupa Térmica Frio Forro Peluciado Blusa+calça+luva+meia,roupa zero grau,poliester fleece,149.91,16,125.92,Feminino,4.1,28,100,6 meses menor temperatura
Macacão Apicultor Roupa Proteção Abelha Com Máscara + Brinde,celi,algodão,166.21,10,149.59,Unissex,4.1,331,1000,demanda regular
Kit 2 Cuecas Boxer Lupo Basic Microfibra Sem Costura Box,lupo,microfibra,69.99,30,48.99,Masculino,4.8,1429,10000,6 meses maior temperatura
Kit 3 Calça Jeans Feminina Levanta Bumbum Cintura Alta,stillger,algodão,174.24,5,165.53,Feminino,4.3,312,1000,6 meses menor temperatura
Short Jeans Feminino Com Elastano Barra Dobrada Cintura Alta,menina linda,jean,49.49,11,44.05,Feminino,4.7,27,100,6 meses maior temperatura
Kit 4 Conjuntos Fitness Top E Short Roupas Feminina Academia,não definido,poliéster,176.36,28,126.98,Feminino,4.3,18,100,demanda regular
Kit Atacado 3 Calça Jeans Masculina Tradicional  (sortidas),moralice,jean,189.88,8,174.69,Masculino,4.6,1872,10000,6 meses maior temperatura
Calça Menino Menina Infantil Moletom Flanelado 1 Ao 8,colbacho,moletom,37.66,40,22.6,Infantil:masculino,3.8,17,100,6 meses menor temperatura
Kit 3 Short Jeans Feminino Cintura Alta Barato Atacado,menina linda,jean,129.2,9,117.57,Feminino,4.4,507,1000,6 meses maior temperatura
Kit 02 Calças Jeans Feminina Skinny Cintura Alta Modeladora,stillger jeans,algodão,139.61,8,128.44,Feminino,4.4,30,100,6 meses menor temperatura
Kit 3 Calça Jeans Feminina Levanta Bumbum Cintura Alta,stillger,algodão,174.24,5,165.53,Feminino,4.3,312,1000,6 meses menor temperatura
Kit 4 Camisa Plus Size Blusa Academia Ginástica Dryfit,camiseta uv masculina camisa,sun protective uv poliéster (100%),145.41,23,111.97,Masculino,4.6,56,100,demanda regular
Bermuda Juvenil Jeans Masculino Roupa Short Menino,nacional,jeans,52.16,11,46.42,Infantil:masculino,4.9,14,100,6 meses maior temperatura
Kit 3 Short Jeans Feminino Cintura Alta Barato Atacado,menina linda,jean,129.2,9,117.57,Feminino,4.4,507,1000,6 meses maior temperatura
Kit 2 Calças Jeans Masculina Com Lycra.,almix,jean,134.3,5,127.58,Masculino,4.6,2146,10000,6 meses maior temperatura
2 Conjuntos Ciclista Liso + Top Roupas Femininas Academia,akorio,poliéster,78.72,13,68.49,Feminino,4.7,12,100,6 meses maior temperatura
5 Shorts De Dormir Algodão Masculino Com Estampas Discreta,brotta,algodão,129.4,5,122.93,Masculino,4.0,10,25,demanda regular
Kit 3 Calças Jogger Moda Juvenil Oferta Roupa Mocinhas Luxo,ak fashion kids,bengaline,164.65,5,156.42,Infantil:feminino,4.4,65,100,6 meses maior temperatura
Bermuda Térmica Anti Assadura Feminina Shorts Esporte Novo,keeper,microfibra,42.9,21,33.89,Feminino,4.9,14,100,6 meses maior temperatura
Shorts Masculino Essentials Logo adidas,adidas,poliéster,199.99,30,139.99,Masculino,4.8,32,100,demanda regular
Kit 4 Cuecas Boxer Lupo Em Algodão Masculina Cotton Original,lupo,algodão,89.9,22,70.12,Masculino,4.6,2384,10000,6 meses maior temperatura
Short Jeans Feminino Cintura Alta Com Lycra Barra Desfiada,stillger,algodão,44.29,6,41.63,Feminino,4.4,239,1000,6 meses maior temperatura
Calça Jeans Feminina Flare Cós Alto Levanta Bumbum Hot Pants,tizioti,algodão,74.17,12,65.27,Feminino,4.4,1028,10000,6 meses menor temperatura
Short Lipo Cinta Cintura Alta Power Barriga Modeladora Prada,stillger,poliéster,49.41,11,43.97,Feminino,4.5,27,100,6 meses maior temperatura
Roupa Térmica Flanelada Kit 2 Calças + 2 Blusas Segunda Pele,sm,poliéster,189.73,10,170.76,Masculino,4.4,128,1000,6 meses menor temperatura
Calça Jeans Feminina Super Lipo Sawary Roupas Femininas,sawary,jeans,172.51,6,162.16,Feminino,4.5,151,1000,6 meses menor temperatura
Kit 03 Bermudas Jeans Vira Lata Original,vira lata wear,jeans,159.91,10,143.92,Masculino,3.5,4,50,6 meses maior temperatura
Kit 2 Shorts Bermuda Anagua Segunda Pele P/ Usar C/ Roupas,beleza feminina,microfibra,50.26,15,42.72,Unissex,3.8,18,100,6 meses maior temperatura
Short Jeans Plus Size Cintura Alta Barra Desfiada Com Lycra,stillger jeans,algodão,64.76,7,60.23,Feminino,4.4,10,100,6 meses maior temperatura
Short Saia Jeans Plus Size Feminino Cintura Alta Com Lycra,stillger jeans,algodão,72.88,11,64.86,Feminino,4.9,77,100,6 meses maior temperatura
Shorts Masculino Essentials Woven adidas,adidas,poliéster,179.99,16,151.19,Masculino,4.7,28,100,demanda regular
Conjunto Térmico Inverno Forrado 2ªpele + Gorro +luva Touch,hype shop,"poliéster peluciado por dentro, com elastano",168.36,5,159.94,Unissex,4.6,44,100,demanda regular
Kit 3 Conjunto Menino Roupa Infantil Shorts Moletom Tactel,kn3kids,algodão,122.61,10,110.35,Infantil:masculino,4.7,7,25,6 meses maior temperatura
Kit 2 Calça Moletom Masculina Plus Size Extra G G1 G2 G3 G4,daze,moletom,169.91,10,152.92,Masculino,4.4,40,100,6 meses menor temperatura
Calça Wide Leg Plus Size Jeans Levanta Bumbum Cintura Alta,stillger,algodão,78.09,10,70.28,Feminino,4.9,18,100,6 meses menor temperatura
Short Jeans Feminino Com Lycra Levanta Bumbum Destroyed,stillger,algodão,49.92,20,39.94,Feminino,4.7,9,50,6 meses maior temperatura
Short Meia Coxa Claro Com Ilhós Roupa Feminina.,atacado da moda,algodão,59.99,24,45.59,Feminino,4.1,7,25,demanda regular
Short Saia Jeans Plus Size Feminino Cintura Alta Com Lycra,stillger jeans,algodão,72.88,11,64.86,Feminino,4.9,77,100,6 meses maior temperatura
Short Jeans Plus Size Cintura Alta Barra Desfiada Com Lycra,stillger jeans,algodão,64.76,7,60.23,Feminino,4.4,10,100,6 meses maior temperatura
Shorts Masculino Essentials Woven adidas,adidas,poliéster,179.99,16,151.19,Masculino,4.7,28,100,demanda regular
Kit 4 Conjunto Moletom Menino Infantil Gola Careca Masculino,colbacho,algodão,134.61,6,126.53,Bebês,4.0,41,100,demanda regular
Kit 3 Conjunto Menino Roupa Infantil Shorts Moletom Tactel,kn3kids,algodão,122.61,10,110.35,Infantil:masculino,4.7,7,25,6 meses maior temperatura
"Kit Com 4 Short Para Usar Embaixo Da Roupa, Vestido, Saia",silvest lingerie,poliéster,57.93,11,51.56,Feminino,4.2,88,1000,6 meses maior temperatura
Macacão Roupa De Apicultor Completa Proteção Contra Abelhas,celi,brim 100% algodão,203.88,24,154.95,Unissex,4.3,178,1000,demanda regular
Roupa Térmica Peluciado Blusa Calça Touca Cachecol Meia Luva,neve segunda pele térmica,poliéster/elastano,199.1,10,179.19,Feminino,4.8,6,25,6 meses menor temperatura
Calça Para Trabalho Pesado Uniforme Pedreiro Mecânico Obra,miglar,brim algodão microfibra,53.05,11,47.21,Masculino,4.1,303,10000,6 meses maior temperatura
Macacão Roupa De Apicultor Completa Proteção Contra Abelhas,celi,brim 100% algodão,203.88,24,154.95,Unissex,4.3,178,1000,demanda regular
Calça Jeans Feminina Plus Size Flare Com Lycra Cintura Alta,stillger,algodão,78.59,9,71.52,Feminino,4.5,30,100,6 meses menor temperatura
Kit 3 Conjuntos Short + Top Nadador Fitness Roupas Femininas,fabricacao propria,poliéster,129.21,19,104.66,Feminino,4.6,17,100,6 meses maior temperatura
Kit 10 Cuecas Boxer Mash Algodão Cotton Box Original Oferta,mash,algodão,229.39,22,178.92,Masculino,4.6,1700,10000,6 meses maior temperatura
"Bermuda Térmica Masculina Esportiva Corrida, Academia Treino",keeper,microfibra,48.52,24,36.88,Masculino,4.8,1004,10000,6 meses maior temperatura
Shorts Feminino Size Paete Cintura Alta Curto P Ao 52,short menina mulher look verão,roupa tik tok blogueirinha adulta,78.16,6,73.47,roupa para gordinha pluss P ao 52,4.3,7,50,6 meses maior temperatura
Roupa Feminina Short Jeans Cintura Alta Hot Pant Com Lycra,gtz,jeans,79.19,11,70.48,Feminino,4.4,29,100,6 meses maior temperatura
Kit 10 Cuecas Boxer Lupo Cueca Box Algodão Masculina Atacado,lupo,algodão,232.89,18,190.97,Masculino,4.5,3036,10000,6 meses menor temperatura
Kit Com 10 Cuecas Boxer Algodão Sem Costura Zorba 781,zorba,algodão,199.9,20,159.92,Masculino,4.7,5688,50000,demanda regular
Macacão Apicultor Roupa Proteção Abelha Com Máscara + Brinde,celi,algodão,166.21,10,149.59,Unissex,4.1,332,1000,demanda regular
Calça Legging Fake Jeans Roupa Fitness Academia Kit 02 Peças,propria,elastano,99.1,10,89.19,Feminino,4.4,19,50,demanda regular
Kit 15 Cuecas Box Boxer Infantil Mallbeck De Microfibra.,cueca infantil-cueca para meninos-roupa íntima infantil-calcinha e cueca infantil-cueca boxer infantil-conjunto de cueca infantil-moda íntima infantil-cueca infantil atacada-cuecas divertidas para crianças-cueca infantil estampada-kit cuecas infantis,microfibra,58.45,6,54.94,Infantil:masculino,4.1,45,100,demanda regular
Conjunto Fitness Feminino Top Short Roupas P/ Academia A19,akorio,poliéster,46.7,26,34.56,Feminino,4.4,9,100,6 meses maior temperatura
Short Saia Jeans Plus Size Com Lycra Cós Alto Levanta Bumbum,wreis jeans,algodão,67.98,6,63.9,Feminino,4.5,41,100,6 meses maior temperatura
Kit 2 Cuecas Boxer Lupo Basic Microfibra Sem Costura Box,lupo,microfibra,69.99,30,48.99,Masculino,4.8,1429,10000,6 meses maior temperatura
Kit 7 Calcinha Cós Elegante Cos Alto Conforto Microfibra,mallbeck-calcinha confortavel - calcinha tanga-,microfibra,49.12,5,46.66,Feminino,3.8,19,100,demanda regular
Kit 5 Bermuda Masculinha Moletinho Academia Verão Praia,canario,moletinho,156.14,5,148.33,Masculino,4.3,6,50,6 meses maior temperatura
Kit 2 Conjuntos Segunda Pele Forrada Frio Intenso,hot lee,poliéster,219.1,10,197.19,Unissex,4.5,104,100,6 meses menor temperatura
Kit 3 Pijama Feminino Longo Suede Inverno Frio Tecido Macio,donna babi,suede,145.31,10,130.78,Feminino,4.7,18,25,6 meses menor temperatura
Kit 10 Peças Roupa Infantil Menino 5 Shorts + 5 Camisetas,imperio kids,algodão,155.31,10,139.78,Infantil:masculino,3.2,5,25,6 meses maior temperatura
Kit 3 Short Jeans Feminino Cintura Alta Barato Atacado,menina linda,jean,129.2,9,117.57,Feminino,4.4,507,1000,6 meses maior temperatura
Kit Com 10 Cuecas Boxer Masculina Polo London Club - Oferta,polo london club,algodão,179.9,38,111.54,Masculino,4.1,35,100,6 meses maior temperatura
Kit 2 Calças Jeans Masculina Com Lycra.,almix,jean,134.3,5,127.58,Masculino,4.6,2146,10000,6 meses maior temperatura
Kit 3 Calças Jogger Masculina Jeans Com Punho Elastico,gbgsports,sarja,182.34,9,165.93,Masculino,4.3,779,1000,6 meses menor temperatura
5 Bermudas Fitness Feminina Tapa Bumbum Roupas Academia B05,própria,poliéster,149.41,11,132.97,Feminino,4.5,6,25,6 meses maior temperatura
Kit 3 Calça Jogger Ribana Feminina Para Academia Moda Fit,ems textil,"algodão, calca moletom",133.62,5,126.94,Feminino,3.8,165,1000,6 meses menor temperatura
Shorts Saia Jeans Plus Size Com Detalhes E Lycra,menina linda,algodão,66.63,8,61.3,Feminino,4.6,141,1000,6 meses maior temperatura
Calça Moletom Masculina Flanelada Sem Punho Malwee,malwee,algodão,139.79,13,121.62,Masculino,5.0,8,25,6 meses menor temperatura
Kit 10 Cuecas Box Lupo Algodão Boxer Masculina Cotton Com Nf,lupo,algodão cotton,317.9,44,178.02,Masculino,4.5,795,10000,alta frequência
Kit 3 Short Jeans Cintura Alta Levanta Bumbum Destroyed,menina linda,algodão,129.91,10,116.92,Feminino,4.6,68,100,6 meses maior temperatura
Calça Social Plus Size Feminina Roupa 50 Ao 54,annalu uniformes,two way bi elastic,69.54,16,58.41,Feminino,4.5,91,1000,6 meses menor temperatura
Kit Com 4 Cueca Box Zorba Algodão - Boxer Sem Costura 781,zorba,algodão,105.99,25,79.49,Masculino,4.7,215,1000,alta frequência
Kit 4 Cuecas Boxer Lupo Em Algodão Masculina Cotton Original,lupo,algodão,89.9,22,70.12,Masculino,4.6,2386,10000,6 meses maior temperatura
Calça Térmica Masculina Roupa De Frio Forrada Legging,camiseta térmica/mundo térmico,poliester térmico peluciado + elastano,78.28,35,50.88,Masculino,4.6,7,50,6 meses maior temperatura
Short Jeans Feminino Cintura Alta Com Lycra Barra Desfiada,stillger,algodão,44.29,6,41.63,Feminino,4.4,239,1000,6 meses maior temperatura
Roupa Conjunto Térmica Grossa Frio Extremo Forrada + Brinde,neve,poliéster/elastano,139.71,11,124.34,Feminino,4.7,212,1000,6 meses menor temperatura
Kit 3 Short Curto Soltinho Malha De Moletom C/bolso G1 Ao G6,colbacho,algodão,113.6,8,104.51,Feminino,4.0,3,25,6 meses maior temperatura
Shorts adidas 3 Stripes - Original,adidas,algodão/poliéster,199.99,11,177.99,Masculino,4.3,27,100,6 meses maior temperatura
Minhocão Calça Ceroula Masculina Long Leg Mijão Promoção,bela notte,algodão,78.49,50,39.24,Masculino,4.7,208,1000,primavera/verão/outono/inverno
Shorts Moletom Masculino Infantil Kit 7 Peças Promoção Cores,ak art lover,shorts de algodão para menino,139.37,9,126.83,Infantil:masculino,4.5,26,100,6 meses maior temperatura
Bermuda Short Jeans Masculino Plus Size 36 Ao 56 Elastano,galanteador,algodão,78.63,5,74.7,Masculino,4.8,6,50,6 meses maior temperatura
Calça Treino Essentials 3 Listras Masculina adidas Novo,adidas,poliéster,299.68,36,191.8,Masculino,4.8,19,50,6 meses menor temperatura
Short Saia Jeans Plus Size Feminino Cintura Alta Com Lycra,stillger jeans,algodão,72.88,11,64.86,Feminino,4.9,77,100,6 meses maior temperatura
Camiseta Masculina Básica Atacado Algodão Penteado 5 Peças,ak art lover,camiseta básica de algodão masculina,129.12,19,104.59,Masculino,4.8,21,50,demanda regular
Kit 3 Short Jeans Feminino Cintura Alta Com Lycra Modelador,menina linda,algodão,149.17,18,122.32,Feminino,4.4,8,5,6 meses maior temperatura
Calça Jeans Super Lipo Feminina Azul Sawary,sawary,algodão,183.99,38,114.07,Feminino,4.6,18,100,6 meses menor temperatura
Short Masculino Malha Plana Aeroready adidas,adidas,poliéster,129.99,5,123.49,Masculino,4.8,14,100,demanda regular
Kit 9 Cuecas Lupo Slip Masculino Algodão Adulto Original,lupo,algodão,229.64,24,174.53,Masculino,4.5,11,50,6 meses menor temperatura
"Kit Com 4 Short Para Usar Embaixo Da Roupa, Vestido, Saia",silvest lingerie,poliéster,57.93,11,51.56,Feminino,4.2,88,1000,6 meses maior temperatura
Macacão Roupa De Apicultor Completa Proteção Contra Abelhas,celi,brim 100% algodão,203.88,24,154.95,Unissex,4.3,178,1000,demanda regular
Calça Jeans Cigarrete Feminina Índigo Índigo Sawary Oferta,sawary,algodão,138.2,47,73.25,Feminino,4.5,39,100,6 meses maior temperatura
Kit 5 Cuecas Anti Assadura Sem Atrito Academia E Corrida,keeper,microfibra,149.97,16,125.97,Masculino,5.0,11,50,6 meses maior temperatura
Calça Jeans Infantil Masculina Roupa Brim Meninos,produto nacional,jeans ou brim,46.82,11,41.67,Infantil:masculino,4.8,137,1000,demanda regular
Kit Com 05 Shorts Estampado Feminino Adulto Extra Plus-size,voluccy,poliéster,78.1,5,74.19,Feminino,4.1,12,100,6 meses maior temperatura
Macacão Roupa De Apicultor Completa Proteção Contra Abelhas,celi,brim 100% algodão,203.88,24,154.95,Unissex,4.3,178,1000,demanda regular
Camiseta Branca Unissex 100% Algodão Premium Camisa Básica,silkriar,algodão,38.38,11,34.16,Unissex,4.7,169,1000,demanda regular
"Bermuda Térmica Masculina Esportiva Corrida, Academia Treino",keeper,microfibra,48.52,24,36.88,Masculino,4.8,1004,10000,6 meses maior temperatura
Kit 10 Cuecas Boxer Mash Algodão Cotton Box Original Oferta,mash,algodão,229.39,22,178.92,Masculino,4.6,1700,10000,6 meses maior temperatura
Short Jeans Feminino Cintura Alta Levanta Bumbum Com Lycra,stillger jeans,algodão,45.22,8,41.6,Feminino,4.8,36,100,6 meses maior temperatura
Short Jeans Feminino Cintura Alta Destroyed Hot Pants Curto,stillger jeans,algodão,49.41,11,43.97,Feminino,4.5,33,100,6 meses maior temperatura
Calça Jeans Wide Leg Feminina Sawary,sawary,algodão,188.99,36,120.95,Feminino,4.8,52,100,6 meses menor temperatura
Kit 10 Cuecas Boxer Lupo Cueca Box Algodão Masculina Atacado,lupo,algodão,232.89,18,190.97,Masculino,4.5,3036,10000,6 meses menor temperatura
Kit Com 10 Cuecas Boxer Algodão Sem Costura Zorba 781,zorba,algodão,199.9,20,159.92,Masculino,4.7,5688,50000,demanda regular
Macacão Apicultor Roupa Proteção Abelha Com Máscara + Brinde,celi,algodão,166.21,10,149.59,Unissex,4.1,332,1000,demanda regular
Bermuda Térmica Anti Assadura Feminina Shorts Esporte Novo,keeper,microfibra,48.11,14,41.37,Feminino,4.7,40,100,6 meses maior temperatura
Kit 6 Cuecas Box Boxer Lupo Sem Costura Masculina Microfibra,lupo,microfibra,183.88,20,147.1,Masculino,4.8,325,1000,6 meses maior temperatura
Short Jeans Plus Size Feminino Cintura Alta Com Lycra Curto,menina linda,algodão,59.1,8,54.37,Feminino,4.2,9,25,6 meses maior temperatura
Kit 3 Bermudas Fitness Roupas Femininas Com Tapa Bumbum B05,própria,suplex poliéster,116.81,36,74.76,Feminino,5.0,7,25,6 meses maior temperatura
Calça Jeans Feminina Boot Cut Índigo Sawary,sawary,algodão,144.99,17,120.34,Feminino,4.5,318,1000,6 meses maior temperatura
Kit 2 Cuecas Boxer Lupo Basic Microfibra Sem Costura Box,lupo,microfibra,69.99,30,48.99,Masculino,4.8,1429,10000,6 meses maior temperatura
Kit 5 Short Saia Rodado Fitness Feminino Roupas De Academia,própria,poliéster,159.32,21,125.86,Feminino,5.0,8,50,6 meses maior temperatura
Calça Feminina Jeans Boot Índigo Sawary,sawary,algodão,158.99,30,111.29,Feminino,4.7,71,100,6 meses menor temperatura
Bolero De Plush Com Tiara Bebe Menina Infantil Várias Cores,mundo nina,plush,44.23,10,39.81,Bebês,4.8,160,1000,6 meses menor temperatura
Conjunto Térmico Inverno Frio Extremo Forro Fleece Roupa Nev,neve segunda pele térmica,"fibra bambu, elastano, poliéster",119.54,34,78.9,Feminino,4.1,25,100,6 meses menor temperatura
Short Jeans Feminino Destroyed Cós Alto Com Lycra Desfiado,menina linda,jean,44.49,10,40.04,Feminino,4.2,53,100,6 meses maior temperatura
Calça Jeans Feminina Cintura Alta Com Lycra Levanta Bumbum,destmoda,jeans,149.99,6,140.99,Feminino,4.5,329,1000,6 meses menor temperatura
Kit 3 Calça Jeans Feminina Levanta Bumbum Cintura Alta,stillger,algodão,174.24,5,165.53,Feminino,4.3,312,1000,6 meses menor temperatura
Roupa De Frio Térmica Feminina Blusa E Calça Segunda Pele,"kit frio inverno, blusa manga longa segunda pele,",92% poliester 8% spandex (elastano),89.49,35,58.17,Unissex,4.6,29,100,demanda regular
Calça Feminina Jogger Malha De Viscolycra Esportiva Cós Alto,aristem roupas de academia,viscolycra,63.78,8,58.68,Feminino,4.2,14,50,demanda regular
Conjunto Motocross Amx Infantil Moto Azul/vermelho/branco,amx acessorios,poliéster,190.5,5,180.98,infantil:Unissex,4.5,14,100,demanda regular
Kit 05 Shorts De Academia Treino Roupas Moda Fitness Atacado,própria,poliéster,119.96,16,100.77,Feminino,4.2,5,25,demanda regular
Kit 10 Cueca Boxer Lupo Sunga Box Algodão 100% Original,lupo,algodão,247.5,30,173.25,Masculino,4.7,26,100,6 meses menor temperatura
Kit 2 Calças Jeans Masculina Com Lycra.,almix,jean,134.3,5,127.58,Masculino,4.6,2146,10000,6 meses maior temperatura
Conjunto Blusa Calça Feminina Roupa Inverno Promoção J11,confecção própria,malha crepe,78.22,11,69.62,Feminino,4.8,38,100,demanda regular
Kit 3 Calças Jogger Masculina Jeans Com Punho Elastico,gbgsports,sarja,182.34,9,165.93,Masculino,4.3,779,1000,6 meses menor temperatura
Shorts Masculino Squadra 21 adidas,adidas,poliéster,119.99,30,83.99,Masculino,4.7,82,100,demanda regular
Kit 10 Cuecas Boxer Lupo Cueca Box Algodão Atacado Original,lupo,algodão,218.61,11,194.56,Masculino,4.6,78,1000,6 meses menor temperatura
Kit 3 Calça Jeans Feminina Levanta Bumbum Atacado,stillger,algodão,179.41,8,165.06,Feminino,4.3,9,50,6 meses menor temperatura
Kit 5 Cuecas Anti Assadura Esportiva Sem Costura Premium,keeper,microfibra,199.97,37,125.98,Masculino,4.9,50,100,6 meses maior temperatura
Kit 3 Short Bermuda Masculina Dry Fit Academia Plus Size,daze modas,poliéster,135.31,10,121.78,Masculino,4.8,33,100,6 meses maior temperatura
Conjuntinho Mozao Casal Homem Mulher Estampado Viagem Roupa,iz store,poliéster,78.7,37,49.58,Unissex,4.8,8,100,6 meses maior temperatura
Calça Legging Moletom Infantil Menina Malwee Kids,malwee kids,algodão,51.27,11,45.63,Infantil:feminino,5.0,6,25,6 meses menor temperatura
Kit 6 Cuecas Box Sem Costura Boxer Lupo Microfibra Original,lupo,microfibra,183.06,15,155.6,Masculino,4.7,76,1000,6 meses maior temperatura
Conjunto Calça Blusa Térmica Roupafrio Segunda Pele Feminino,hangar moriah,composição: 92% poliester 8% spandex,139.32,44,78.02,Feminino,4.0,16,100,6 meses menor temperatura
Calça Mom Consciencia Jeans 00101 Jeans Medio,consciência,algodão orgânico,153.19,20,122.55,Feminino,4.7,6,25,6 meses menor temperatura
Short Saia Rodado Fitness Feminino Roupas Para Academia,akorio,poliéster,37.19,22,29.01,Feminino,4.9,18,100,6 meses maior temperatura
Combo 4 Bermudas Plus Size Até O Joelho Estampada Cós Alto,kit bermuda feminina academia ginástica atacado,poliéster,116.62,10,104.96,Feminino,4.1,39,100,6 meses maior temperatura
Kit 4 Cuecas Lupo Algodão Sunga Boxer Adulto Cotton Original,lupo,algodão,85.53,19,69.28,Masculino,4.5,193,1000,6 meses menor temperatura
Kit 03 Conjuntos Top + Short Roupas Para Academia Atacado,akorio,suplex,136.04,24,103.39,Feminino,4.2,115,1000,6 meses maior temperatura
Kit 4 Cuecas Boxer Mash Algodão Cotton Box Original Oferta,mash,algodão,78.46,7,72.97,Masculino,4.8,46,100,alta frequência
Kit C/3 Un Camisas Blusas Masculinas Long Line Oversize Swag,éved maromba malhar fitness machão,tshirt atual estilosa slim barata,78.16,6,73.47,Masculino,4.6,1396,10000,6 meses maior temperatura
Kit 10 Cuecas Boxer Lupo Microfibra Sem Costura Box Original,lupo,microfibra,321.32,20,257.06,Masculino,4.8,197,1000,alta frequência
Calça Moletom Masculina Flanelada Com Punho Malwee,malwee,algodão,119.79,11,106.61,Masculino,4.6,155,1000,6 meses menor temperatura
Short Saia Jeans Plus Size Feminino Cintura Alta Com Lycra,stillger jeans,algodão,72.88,11,64.86,Feminino,4.9,77,100,6 meses maior temperatura
Calça Masculina Aeroready Sereno Slim Legend Ink adidas,adidas,poliéster,249.99,13,217.49,Masculino,4.2,10,100,6 meses maior temperatura
Kit 2 Calças Masculina Jeans Pra Trabalho Corte Reto,multimarcas,100% algodão,128.63,10,115.77,Masculino,4.6,34,100,6 meses menor temperatura
Roupa Feminina Plus Size Blusa Calça Frio Peluciado Proteção,neve segunda pele térmica,poliéster/elastano,132.56,42,76.88,Feminino,4.6,5,25,6 meses menor temperatura
Kit 3 Cuecas Masculinas Slip Cotton Calvin Klein,calvin klein underwear,algodão,229.9,30,160.93,Masculino,5.0,102,1000,6 meses maior temperatura
"Kit Com 4 Short Para Usar Embaixo Da Roupa, Vestido, Saia",silvest lingerie,poliéster,57.93,11,51.56,Feminino,4.2,88,1000,6 meses maior temperatura
Macacão Roupa De Apicultor Completa Proteção Contra Abelhas,celi,brim 100% algodão,203.88,24,154.95,Unissex,4.3,178,1000,demanda regular
Short Masculino Logo adidas,adidas,poliéster,119.99,30,83.99,Masculino,4.7,14,100,demanda regular
Moletom Infantil Calça Masculina Juvenil Kit 3 Calca Moleton,colbacho,algodão,99.93,41,58.96,Unissex,3.3,24,100,6 meses menor temperatura
Macacão Roupa De Apicultor Completa Proteção Contra Abelhas,celi,brim 100% algodão,203.88,24,154.95,Unissex,4.3,178,1000,demanda regular
Kit 10 Cuecas Boxer Mash Algodão Cotton Box Original Oferta,mash,algodão,229.39,22,178.92,Masculino,4.6,1701,10000,6 meses maior temperatura
"Bermuda Térmica Masculina Esportiva Corrida, Academia Treino",keeper,microfibra,48.52,24,36.88,Masculino,4.8,1005,10000,6 meses maior temperatura
Calça Feminina Sarja Mom - 274383 Verde Sawary,sawary jeans,algodão,185.99,24,141.35,Feminino,4.8,18,50,6 meses menor temperatura
Lote 10 Short Infantil Roupa Menina Atacado De Cotom Oferta,gente grande kids,malha,199.99,10,179.99,Infantil:feminino,4.5,10,50,6 meses maior temperatura
Conjunto Feminino Calça E Blusa Manga Longa Social Roupafrio,nana fashion,viscolycra,129.5,8,119.14,Feminino,4.4,255,1000,6 meses menor temperatura
Calça Jeans Infantil Wideleg Destroyed Menina Blogueirinha,maluket,algodão calças preta,119.55,10,107.6,Infantil:feminino,4.7,58,100,6 meses maior temperatura
Kit 10 Cuecas Boxer Selene Box Microfibra Masculina Atacado,selene,poliamida,239.89,25,179.92,Masculino,4.8,278,1000,6 meses menor temperatura
Kit 10 Cuecas Boxer Lupo Cueca Box Algodão Masculina Atacado,lupo,algodão,232.89,18,190.97,Masculino,4.5,3037,10000,6 meses menor temperatura
Kit Com 10 Cuecas Boxer Algodão Sem Costura Zorba 781,zorba,algodão,199.9,20,159.92,Masculino,4.7,5691,50000,demanda regular
Calça Levis 505 Original 100% Algodão Revendedor Autorizado,levi's,algodão,326.55,5,310.22,Masculino,4.5,25,100,6 meses menor temperatura
Macacão Apicultor Roupa Proteção Abelha Com Máscara + Brinde,celi,algodão,166.21,10,149.59,Unissex,4.1,332,1000,demanda regular
Short Jeans Plus Size Com Lycra Levanta Bumbum Cintura Alta,stillger jeans,jean,64.09,6,60.24,Feminino,4.4,45,100,6 meses maior temperatura
Kit 3 Short Jeans Feminino Levanta Bumbum Modela Cintura,stillger jeans,algodão,149.67,14,128.72,Feminino,4.3,27,100,6 meses maior temperatura
Calça Jeans Original Sawary Com Lycra Roupas Femininas Dins,sawary,jeans com lycra,169.21,11,150.6,Feminino,4.5,87,1000,6 meses menor temperatura
Kit 2 Cuecas Boxer Lupo Basic Microfibra Sem Costura Box,lupo,microfibra,69.99,30,48.99,Masculino,4.8,1430,10000,6 meses maior temperatura
Roupa Térmica Flanelada Kit 2 Calças + 2 Blusas Segunda Pele,sm,poliéster,199.73,10,179.76,Masculino,4.3,160,1000,6 meses menor temperatura
Kit 5short Feminino Leve Moletinho Academia Fitness Atacado,canario,algodão,159.99,10,143.99,Feminino,4.7,118,1000,6 meses maior temperatura
Roupa Infantil Bailarina Profissional Balé Paetês Saia Média,bailarina profissional,poliéster,199.99,7,185.99,Infantil:feminino,4.6,40,100,demanda regular
Roupa Bebe Infantil Kit 10 Cuecas Boxer Menino Masculino,spk,algodão,98.05,21,77.46,Infantil:masculino,4.3,19,100,demanda regular
Pijama De Frio Feminino Longo Tecido Super Confortável,time fitness roupa de dormir,poliéster,78.23,30,54.76,Feminino,4.7,228,1000,6 meses menor temperatura
Kit 3 Bermuda Moletom Academia Ginastica Leve Estampado Top,canario,poliéster,119.91,10,107.92,Masculino,4.3,20,100,demanda regular
Roupa Infantil Calça Jeans Branco Confortável Menino Juvenil,fashion kids,algodão,78.01,10,70.21,Infantil:masculino,4.6,9,50,6 meses menor temperatura
Kit 3 Short Jeans Feminino Cintura Alta Barato Atacado,menina linda,jean,129.2,9,117.57,Feminino,4.4,508,1000,6 meses maior temperatura
Kit 3 Calça Jeans Feminina Levanta Bumbum Cintura Alta,stillger,algodão,174.24,5,165.53,Feminino,4.3,313,1000,6 meses menor temperatura
Kit 2 Cuecas Box Boxer Zorba Algodão Sem Costura 781 Full,zorba,algodão,43.38,10,39.04,Masculino,4.8,292,1000,demanda regular
Roupa Feminina Short Plus Size Jeans 44 Ao 58 E Cintura Alta,usemia,jeans,77.53,11,69.0,Feminino,3.8,8,100,6 meses maior temperatura
Moletom Calça Juvenil Menino Kit 3 Peça Flanelada 10-12-14,colbacho,algodão,69.21,5,65.75,infantil:Unissex,3.7,168,1000,6 meses menor temperatura
Calça Jeans Wide Leg Feminino Índigo Sawary,sawary jeans,algodão,223.99,37,141.11,Feminino,4.6,16,50,6 meses menor temperatura
Kit 2 Calças Jeans Masculina Com Lycra.,almix,jean,134.3,5,127.58,Masculino,4.6,2147,10000,6 meses maior temperatura
Kit 3 Calças Jogger Masculina Jeans Com Punho Elastico,gbgsports,sarja,182.34,9,165.93,Masculino,4.3,779,1000,6 meses menor temperatura
Short Masculino Malha Colorblock Aeroready adidas Novo,adidas,poliéster,179.99,30,125.99,Masculino,4.5,8,50,6 meses menor temperatura
Kit 4 Cuecas Boxer Lupo Em Algodão Masculina Cotton Original,lupo,algodão,89.9,22,70.12,Masculino,4.6,2387,10000,6 meses maior temperatura
Calça Jeans Infantil Juvenil Masculina C/ Elastano Mzocokids,mzoco kids,jeans poliéster algodão elastano,64.47,12,56.73,Infantil:masculino,4.7,11,100,6 meses menor temperatura
Calça Linho Mom Feminina Bege Sawary,sawary jeans,algodão,192.99,16,162.11,Feminino,4.8,26,50,6 meses menor temperatura
Bermuda Infantil Jeans Masculino Roupa Short Menino,nacional,jeans,42.26,11,37.61,Infantil:masculino,4.5,19,100,6 meses maior temperatura
Kit 3 Cuecas Low Rise Trunk Calvin Klein,calvin klein,algodão,239.9,26,177.53,Masculino,4.6,32,100,6 meses menor temperatura
Kit 4 Bermudas Plusais Estampada Caminhada Ultimas Unidades,feminina academia atacado,poliéster,105.93,11,94.28,Feminino,2.3,4,25,6 meses maior temperatura
